{"id": "b1d3b347-28c1-42d1-aca7-241f9857c381", "modelId": "94d50196-5fab-4b99-bf51-f9c82b07f9de", "configuration": {"modelType": "random_forest", "hyperparameters": {}, "trainingConfig": {"trainTestSplit": 0.8, "validationStrategy": "holdout", "crossValidationFolds": null, "labelColumn": null, "randomState": 42}, "optimizationConfig": {"useAutoOptimization": false, "optimizationMethod": null, "parameterRanges": null}}, "metrics": {"training": {"accuracy": 0.9166666666666666, "precision": 0.9166666666666666, "recall": 0.9166666666666666, "f1Score": 0.9166666666666666, "rocAuc": 0.9891346012089047, "confusionMatrix": [[4, 0, 1], [0, 12, 0], [1, 0, 6]], "classificationReport": {"High": {"precision": 0.8, "recall": 0.8, "f1-score": 0.8, "support": 5.0}, "Low": {"precision": 1.0, "recall": 1.0, "f1-score": 1.0, "support": 12.0}, "Moderate": {"precision": 0.8571428571428571, "recall": 0.8571428571428571, "f1-score": 0.8571428571428571, "support": 7.0}, "accuracy": 0.9166666666666666, "macro avg": {"precision": 0.8857142857142857, "recall": 0.8857142857142857, "f1-score": 0.8857142857142857, "support": 24.0}, "weighted avg": {"precision": 0.9166666666666666, "recall": 0.9166666666666666, "f1-score": 0.9166666666666666, "support": 24.0}}}, "validation": {"folds": 1, "scores": [0.9166666666666666], "meanScore": 0.9166666666666666, "stdScore": 0.0, "metrics": [{"accuracy": 0.9166666666666666, "precision": 0.9166666666666666, "recall": 0.9166666666666666, "f1Score": 0.9166666666666666, "rocAuc": 0.9891346012089047, "confusionMatrix": [[4, 0, 1], [0, 12, 0], [1, 0, 6]], "classificationReport": {"High": {"precision": 0.8, "recall": 0.8, "f1-score": 0.8, "support": 5.0}, "Low": {"precision": 1.0, "recall": 1.0, "f1-score": 1.0, "support": 12.0}, "Moderate": {"precision": 0.8571428571428571, "recall": 0.8571428571428571, "f1-score": 0.8571428571428571, "support": 7.0}, "accuracy": 0.9166666666666666, "macro avg": {"precision": 0.8857142857142857, "recall": 0.8857142857142857, "f1-score": 0.8857142857142857, "support": 24.0}, "weighted avg": {"precision": 0.9166666666666666, "recall": 0.9166666666666666, "f1-score": 0.9166666666666666, "support": 24.0}}}]}, "test": {"accuracy": 0.9166666666666666, "precision": 0.9166666666666666, "recall": 0.9166666666666666, "f1Score": 0.9166666666666666, "rocAuc": 0.9891346012089047, "confusionMatrix": [[4, 0, 1], [0, 12, 0], [1, 0, 6]], "classificationReport": {"High": {"precision": 0.8, "recall": 0.8, "f1-score": 0.8, "support": 5.0}, "Low": {"precision": 1.0, "recall": 1.0, "f1-score": 1.0, "support": 12.0}, "Moderate": {"precision": 0.8571428571428571, "recall": 0.8571428571428571, "f1-score": 0.8571428571428571, "support": 7.0}, "accuracy": 0.9166666666666666, "macro avg": {"precision": 0.8857142857142857, "recall": 0.8857142857142857, "f1-score": 0.8857142857142857, "support": 24.0}, "weighted avg": {"precision": 0.9166666666666666, "recall": 0.9166666666666666, "f1-score": 0.9166666666666666, "support": 24.0}}}}, "featureImportance": {"Slope_Angle_deg": 0.09639613238635786, "Rainfall_mm": 0.16426458588225423, "Pore_Pressure_kPa": 0.1135948765535055, "Soil_Water_Content": 0.10012552381691099, "Seismic_Activity": 0.06697293416352611, "Discontinuity_Spacing_m": 0.05983836307349912, "Rock_Mass_Rating": 0.09579562321604179, "Timestamp_01/01/2023 00:00": 9.290384516543511e-07, "Timestamp_01/01/2023 18:00": 0.0014918682407179828, "Timestamp_02/01/2023 00:00": 0.00014689931827370479, "Timestamp_02/01/2023 06:00": 0.00012790114304952373, "Timestamp_02/01/2023 12:00": 1.596882884606378e-07, "Timestamp_02/01/2023 18:00": 0.0019072133601085476, "Timestamp_03/01/2023 00:00": 0.009481875149672504, "Timestamp_03/01/2023 06:00": 0.002304293523616341, "Timestamp_03/01/2023 12:00": 0.0024334970957640505, "Timestamp_03/01/2023 18:00": 0.002595009556400229, "Timestamp_04/01/2023 00:00": 0.00010847457627118647, "Timestamp_04/01/2023 06:00": 8.01630647925058e-06, "Timestamp_04/01/2023 18:00": 0.00018886185683997746, "Timestamp_05/01/2023 00:00": 0.0013271457476504108, "Timestamp_05/01/2023 06:00": 0.001335771089126296, "Timestamp_05/01/2023 12:00": 0.007298317433761221, "Timestamp_05/01/2023 18:00": 0.0005784383372086008, "Timestamp_06/01/2023 12:00": 1.7722722468627936e-06, "Timestamp_07/01/2023 00:00": 1.7533352319616683e-06, "Timestamp_07/01/2023 06:00": 4.152880923172961e-05, "Timestamp_07/01/2023 12:00": 0.0, "Timestamp_07/01/2023 18:00": 5.739395569908439e-07, "Timestamp_08/01/2023 00:00": 2.4613456908554927e-06, "Timestamp_08/01/2023 12:00": 0.0016581157085102858, "Timestamp_08/01/2023 18:00": 0.002802449894639851, "Timestamp_09/01/2023 00:00": 6.696203858153104e-05, "Timestamp_09/01/2023 06:00": 0.0016848042742028091, "Timestamp_09/01/2023 12:00": 1.900388234903564e-05, "Timestamp_09/01/2023 18:00": 5.5535879659116505e-06, "Timestamp_10/01/2023 00:00": 0.00045072605752119287, "Timestamp_10/01/2023 12:00": 0.0029508164236606354, "Timestamp_10/01/2023 18:00": 2.0997788670348364e-07, "Timestamp_11/01/2023 00:00": 3.641395382718927e-07, "Timestamp_11/01/2023 06:00": 0.0, "Timestamp_11/01/2023 12:00": 0.0002974796663008211, "Timestamp_11/01/2023 18:00": 0.0017036710330816602, "Timestamp_12/01/2023 00:00": 1.322932391395542e-05, "Timestamp_12/01/2023 06:00": 0.0007953709316576862, "Timestamp_12/01/2023 12:00": 0.01309406419447851, "Timestamp_12/01/2023 18:00": 0.0001364352805122489, "Timestamp_13/01/2023 00:00": 0.0010976477445308738, "Timestamp_13/01/2023 06:00": 0.0013066021007947834, "Timestamp_13/01/2023 12:00": 7.139770238003301e-06, "Timestamp_14/01/2023 06:00": 0.0036121337544972624, "Timestamp_14/01/2023 12:00": 0.002751409596997735, "Timestamp_14/01/2023 18:00": 0.0, "Timestamp_15/01/2023 00:00": 4.3147851506678533e-07, "Timestamp_15/01/2023 06:00": 0.00023899872065043408, "Timestamp_15/01/2023 12:00": 7.231638418079094e-05, "Timestamp_15/01/2023 18:00": 0.0027170423659474137, "Timestamp_16/01/2023 06:00": 0.00020737126109207535, "Timestamp_16/01/2023 12:00": 0.001274091761353589, "Timestamp_16/01/2023 18:00": 0.0, "Timestamp_17/01/2023 00:00": 0.0016815365215415467, "Timestamp_17/01/2023 06:00": 0.0031864563388657903, "Timestamp_17/01/2023 12:00": 8.186873667859556e-05, "Timestamp_17/01/2023 18:00": 9.125943727144338e-07, "Timestamp_18/01/2023 00:00": 0.000265716303883992, "Timestamp_18/01/2023 06:00": 0.0029414895989388324, "Timestamp_18/01/2023 12:00": 8.519242682634804e-06, "Timestamp_19/01/2023 00:00": 4.4260294016775864e-06, "Timestamp_19/01/2023 06:00": 0.0009404912838092244, "Timestamp_19/01/2023 18:00": 2.1422898828253006e-05, "Timestamp_20/01/2023 00:00": 0.000157920051731501, "Timestamp_20/01/2023 06:00": 0.0, "Timestamp_20/01/2023 12:00": 0.0026690435486830294, "Timestamp_20/01/2023 18:00": 0.0018315465891352656, "Timestamp_21/01/2023 00:00": 2.1950784511893134e-06, "Timestamp_21/01/2023 06:00": 8.97342928821978e-06, "Timestamp_21/01/2023 18:00": 0.001775104937810089, "Timestamp_22/01/2023 00:00": 1.669803991295375e-05, "Timestamp_22/01/2023 06:00": 1.9224891522832403e-05, "Timestamp_23/01/2023 00:00": 0.0007643052056453695, "Timestamp_23/01/2023 06:00": 3.4234804377637967e-06, "Timestamp_23/01/2023 12:00": 0.002223975314729241, "Timestamp_23/01/2023 18:00": 0.00010394328493383383, "Timestamp_24/01/2023 06:00": 0.0031594054182409823, "Timestamp_24/01/2023 12:00": 5.216484089725177e-07, "Timestamp_24/01/2023 18:00": 0.0018454047020504336, "Timestamp_25/01/2023 00:00": 0.0, "Timestamp_25/01/2023 06:00": 0.0005254717923408351, "Timestamp_25/01/2023 12:00": 0.0036520085806644367, "Timestamp_26/01/2023 00:00": 0.010301608327160802, "Timestamp_26/01/2023 06:00": 0.001354996138975574, "Timestamp_27/01/2023 00:00": 3.099840544724095e-05, "Timestamp_27/01/2023 06:00": 0.0014070380208516618, "Timestamp_27/01/2023 18:00": 0.010580978783335273, "Timestamp_28/01/2023 06:00": 5.403475918829715e-05, "Timestamp_28/01/2023 12:00": 0.0017107413816624165, "Timestamp_28/01/2023 18:00": 0.004005548085761412,