{"id": "368adb8d-ed82-4536-b809-c4f6ccaab9d6", "modelId": "9f627458-05c3-473f-bd2d-80a4e17da778", "configuration": {"modelType": "random_forest", "hyperparameters": {"n_estimators": 100, "max_depth": 10, "min_samples_split": 2, "min_samples_leaf": 1, "bootstrap": true}, "trainingConfig": {"trainTestSplit": 0.8, "validationStrategy": "k_fold", "crossValidationFolds": 5, "labelColumn": null, "randomState": 42}, "optimizationConfig": {"useAutoOptimization": false, "optimizationMethod": "grid_search", "parameterRanges": {}}}, "metrics": {"training": {"accuracy": 0.9166666666666666, "precision": 0.9166666666666666, "recall": 0.9166666666666666, "f1Score": 0.9166666666666666, "rocAuc": 0.9873802152439923, "confusionMatrix": [[4, 0, 1], [0, 12, 0], [1, 0, 6]], "classificationReport": {"High": {"precision": 0.8, "recall": 0.8, "f1-score": 0.8, "support": 5.0}, "Low": {"precision": 1.0, "recall": 1.0, "f1-score": 1.0, "support": 12.0}, "Moderate": {"precision": 0.8571428571428571, "recall": 0.8571428571428571, "f1-score": 0.8571428571428571, "support": 7.0}, "accuracy": 0.9166666666666666, "macro avg": {"precision": 0.8857142857142857, "recall": 0.8857142857142857, "f1-score": 0.8857142857142857, "support": 24.0}, "weighted avg": {"precision": 0.9166666666666666, "recall": 0.9166666666666666, "f1-score": 0.9166666666666666, "support": 24.0}}}, "validation": {"folds": 1, "scores": [0.9166666666666666], "meanScore": 0.9166666666666666, "stdScore": 0.0, "metrics": [{"accuracy": 0.9166666666666666, "precision": 0.9166666666666666, "recall": 0.9166666666666666, "f1Score": 0.9166666666666666, "rocAuc": 0.9873802152439923, "confusionMatrix": [[4, 0, 1], [0, 12, 0], [1, 0, 6]], "classificationReport": {"High": {"precision": 0.8, "recall": 0.8, "f1-score": 0.8, "support": 5.0}, "Low": {"precision": 1.0, "recall": 1.0, "f1-score": 1.0, "support": 12.0}, "Moderate": {"precision": 0.8571428571428571, "recall": 0.8571428571428571, "f1-score": 0.8571428571428571, "support": 7.0}, "accuracy": 0.9166666666666666, "macro avg": {"precision": 0.8857142857142857, "recall": 0.8857142857142857, "f1-score": 0.8857142857142857, "support": 24.0}, "weighted avg": {"precision": 0.9166666666666666, "recall": 0.9166666666666666, "f1-score": 0.9166666666666666, "support": 24.0}}}]}, "test": {"accuracy": 0.9166666666666666, "precision": 0.9166666666666666, "recall": 0.9166666666666666, "f1Score": 0.9166666666666666, "rocAuc": 0.9873802152439923, "confusionMatrix": [[4, 0, 1], [0, 12, 0], [1, 0, 6]], "classificationReport": {"High": {"precision": 0.8, "recall": 0.8, "f1-score": 0.8, "support": 5.0}, "Low": {"precision": 1.0, "recall": 1.0, "f1-score": 1.0, "support": 12.0}, "Moderate": {"precision": 0.8571428571428571, "recall": 0.8571428571428571, "f1-score": 0.8571428571428571, "support": 7.0}, "accuracy": 0.9166666666666666, "macro avg": {"precision": 0.8857142857142857, "recall": 0.8857142857142857, "f1-score": 0.8857142857142857, "support": 24.0}, "weighted avg": {"precision": 0.9166666666666666, "recall": 0.9166666666666666, "f1-score": 0.9166666666666666, "support": 24.0}}}}, "featureImportance": {"Slope_Angle_deg": 0.09739462176753617, "Rainfall_mm": 0.16245043765451003, "Pore_Pressure_kPa": 0.11433181293827147, "Soil_Water_Content": 0.10014189917081115, "Seismic_Activity": 0.06680405282661873, "Discontinuity_Spacing_m": 0.05897404690870878, "Rock_Mass_Rating": 0.09391143552800374, "Timestamp_01/01/2023 00:00": 9.290384516543512e-07, "Timestamp_01/01/2023 18:00": 0.0014977263642877768, "Timestamp_02/01/2023 00:00": 0.0001468993182737048, "Timestamp_02/01/2023 06:00": 0.0001265284026814158, "Timestamp_02/01/2023 12:00": 2.439549615881303e-06, "Timestamp_02/01/2023 18:00": 0.0019377700972061703, "Timestamp_03/01/2023 00:00": 0.010078023310826365, "Timestamp_03/01/2023 06:00": 0.0020478713391738654, "Timestamp_03/01/2023 12:00": 0.0026308278833938165, "Timestamp_03/01/2023 18:00": 0.0028981067813435494, "Timestamp_04/01/2023 00:00": 0.00010847457627118648, "Timestamp_04/01/2023 06:00": 2.900958841314601e-05, "Timestamp_04/01/2023 18:00": 0.00019207016182465458, "Timestamp_05/01/2023 00:00": 0.001318928521357129, "Timestamp_05/01/2023 06:00": 0.0015975154934924315, "Timestamp_05/01/2023 12:00": 0.006852998669529273, "Timestamp_05/01/2023 18:00": 0.0008380430526598956, "Timestamp_06/01/2023 12:00": 1.7722722468627938e-06, "Timestamp_07/01/2023 00:00": 1.7533352319616685e-06, "Timestamp_07/01/2023 06:00": 2.113373109268894e-05, "Timestamp_07/01/2023 12:00": 0.0, "Timestamp_07/01/2023 18:00": 1.247778883183762e-05, "Timestamp_08/01/2023 00:00": 2.461345690855493e-06, "Timestamp_08/01/2023 12:00": 0.0020041874475202246, "Timestamp_08/01/2023 18:00": 0.003053390704332826, "Timestamp_09/01/2023 00:00": 4.792778597087359e-05, "Timestamp_09/01/2023 06:00": 0.0015390592433337502, "Timestamp_09/01/2023 12:00": 2.010854297242749e-05, "Timestamp_09/01/2023 18:00": 6.729401945697702e-06, "Timestamp_10/01/2023 00:00": 0.0004507260575211929, "Timestamp_10/01/2023 12:00": 0.0033467792502490496, "Timestamp_10/01/2023 18:00": 2.01003762539199e-06, "Timestamp_11/01/2023 00:00": 3.6413953827189275e-07, "Timestamp_11/01/2023 06:00": 0.0, "Timestamp_11/01/2023 12:00": 0.0002512636224777864, "Timestamp_11/01/2023 18:00": 0.0021332399201471975, "Timestamp_12/01/2023 00:00": 8.563029180373423e-06, "Timestamp_12/01/2023 06:00": 0.0004505099658458981, "Timestamp_12/01/2023 12:00": 0.012837627021062626, "Timestamp_12/01/2023 18:00": 0.00013998189575425564, "Timestamp_13/01/2023 00:00": 0.000744914364773659, "Timestamp_13/01/2023 06:00": 0.0019237779217344824, "Timestamp_13/01/2023 12:00": 2.8434334458859044e-06, "Timestamp_14/01/2023 06:00": 0.003558830221942462, "Timestamp_14/01/2023 12:00": 0.002580679018891629, "Timestamp_14/01/2023 18:00": 0.0, "Timestamp_15/01/2023 00:00": 0.0, "Timestamp_15/01/2023 06:00": 1.2522646341712066e-06, "Timestamp_15/01/2023 12:00": 7.231638418079096e-05, "Timestamp_15/01/2023 18:00": 0.0027596552610475705, "Timestamp_16/01/2023 06:00": 0.00022401154294793694, "Timestamp_16/01/2023 12:00": 0.001475094273088164, "Timestamp_16/01/2023 18:00": 0.0, "Timestamp_17/01/2023 00:00": 0.0013748491736233631, "Timestamp_17/01/2023 06:00": 0.002611143892088516, "Timestamp_17/01/2023 12:00": 1.8662859630445106e-06, "Timestamp_17/01/2023 18:00": 9.125943727144339e-07, "Timestamp_18/01/2023 00:00": 0.00029509241925592723, "Timestamp_18/01/2023 06:00": 0.0027093937454030254, "Timestamp_18/01/2023 12:00": 2.8662648587960557e-06, "Timestamp_19/01/2023 00:00": 3.982914302530585e-06, "Timestamp_19/01/2023 06:00": 0.0008713431892824165, "Timestamp_19/01/2023 18:00": 2.4855410229192198e-05, "Timestamp_20/01/2023 00:00": 0.00018978577192976817, "Timestamp_20/01/2023 06:00": 0.0, "Timestamp_20/01/2023 12:00": 0.002572703216627766, "Timestamp_20/01/2023 18:00": 0.0014640023659980585, "Timestamp_21/01/2023 00:00": 5.072136180152012e-06, "Timestamp_21/01/2023 06:00": 9.223947083226293e-06, "Timestamp_21/01/2023 18:00": 0.0017632620556057243, "Timestamp_22/01/2023 00:00": 1.6698039912953752e-05, "Timestamp_22/01/2023 06:00": 1.8238953464391134e-05, "Timestamp_23/01/2023 00:00": 0.0008105817436023631, "Timestamp_23/01/2023 06:00": 3.4808329045172853e-06, "Timestamp_23/01/2023 12:00": 0.0022571173596504126, "Timestamp_23/01/2023 18:00": 0.00010543163923087791, "Timestamp_24/01/2023 06:00": 0.00324073887395699, "Timestamp_24/01/2023 12:00": 5.1187285049126186e-06, "Timestamp_24/01/2023 18:00": 0.0019984875592785364, "Timestamp_25/01/2023 00:00": 0.0, "Timestamp_25/01/2023 06:00": 0.00034696438671287435, "Timestamp_25/01/2023 12:00": 0.0036759882387353165, "Timestamp_26/01/2023 00:00": 0.009694633919130917, "Timestamp_26/01/2023 06:00": 0.001462441962107138, "Timestamp_27/01/2023 00:00": 2.5832269949807038e-05, "Timestamp_27/01/2023 06:00": 0.001668934935361891, "Timestamp_27/01/2023 18:00": 0.011448940771120011, "Timestamp_28/01/2023 06:00": 5.403475918829716e-05,